wave,region,state,kind,city,service,root_slug,target_url,source_path,word_count,title
1,Corona & Norco,ready_for_audos_microsite_bind,city_hub,Corona,All Plumbing Services,corona-plumber,https://masterflowplumbing.us/corona-plumber,/seo-preview/locations/corona/,453,"Plumber in Corona, CA | Masterflow"
1,Corona & Norco,ready_for_audos_microsite_bind,city_hub,Norco,All Plumbing Services,norco-plumber,https://masterflowplumbing.us/norco-plumber,/seo-preview/locations/norco/,438,"Plumber in Norco, CA | Masterflow"
1,Corona & Norco,ready_for_audos_microsite_bind,city_service,Corona,Emergency Plumbing,corona-emergency-plumber,https://masterflowplumbing.us/corona-emergency-plumber,/seo-preview/locations/corona/emergency-plumbing/,604,"Emergency Plumbing in Corona, CA | Masterflow"
1,Corona & Norco,ready_for_audos_microsite_bind,city_service,Norco,Emergency Plumbing,norco-emergency-plumber,https://masterflowplumbing.us/norco-emergency-plumber,/seo-preview/locations/norco/emergency-plumbing/,591,"Emergency Plumbing in Norco, CA | Masterflow"
1,Corona & Norco,ready_for_audos_microsite_bind,city_service,Corona,Drain Cleaning,corona-drain-cleaning,https://masterflowplumbing.us/corona-drain-cleaning,/seo-preview/locations/corona/drain-cleaning/,606,"Drain Cleaning in Corona, CA | Masterflow"
1,Corona & Norco,ready_for_audos_microsite_bind,city_service,Norco,Drain Cleaning,norco-drain-cleaning,https://masterflowplumbing.us/norco-drain-cleaning,/seo-preview/locations/norco/drain-cleaning/,593,"Drain Cleaning in Norco, CA | Masterflow"
1,Corona & Norco,ready_for_audos_microsite_bind,city_service,Corona,Leak Detection,corona-leak-detection,https://masterflowplumbing.us/corona-leak-detection,/seo-preview/locations/corona/leak-detection/,590,"Leak Detection in Corona, CA | Masterflow"
1,Corona & Norco,ready_for_audos_microsite_bind,city_service,Norco,Leak Detection,norco-leak-detection,https://masterflowplumbing.us/norco-leak-detection,/seo-preview/locations/norco/leak-detection/,577,"Leak Detection in Norco, CA | Masterflow"
1,Corona & Norco,ready_for_audos_microsite_bind,city_service,Corona,Sewer Line Repair,corona-sewer-line-repair,https://masterflowplumbing.us/corona-sewer-line-repair,/seo-preview/locations/corona/sewer-line-repair/,606,"Sewer Line Repair in Corona, CA | Masterflow"
1,Corona & Norco,ready_for_audos_microsite_bind,city_service,Norco,Sewer Line Repair,norco-sewer-line-repair,https://masterflowplumbing.us/norco-sewer-line-repair,/seo-preview/locations/norco/sewer-line-repair/,593,"Sewer Line Repair in Norco, CA | Masterflow"
1,Corona & Norco,ready_for_audos_microsite_bind,city_service,Corona,Water Heater Repair & Install,corona-water-heater-repair,https://masterflowplumbing.us/corona-water-heater-repair,/seo-preview/locations/corona/water-heater-repair-install/,616,"Water Heater Service in Corona, CA | Masterflow"
1,Corona & Norco,ready_for_audos_microsite_bind,city_service,Norco,Water Heater Repair & Install,norco-water-heater-repair,https://masterflowplumbing.us/norco-water-heater-repair,/seo-preview/locations/norco/water-heater-repair-install/,603,"Water Heater Service in Norco, CA | Masterflow"
2,Riverside & Moreno Valley,ready_for_audos_microsite_bind,city_hub,Riverside,All Plumbing Services,riverside-plumber,https://masterflowplumbing.us/riverside-plumber,/seo-preview/locations/riverside/,433,"Plumber in Riverside, CA | Masterflow"
2,Riverside & Moreno Valley,ready_for_audos_microsite_bind,city_hub,Moreno Valley,All Plumbing Services,moreno-valley-plumber,https://masterflowplumbing.us/moreno-valley-plumber,/seo-preview/locations/moreno-valley/,425,"Plumber in Moreno Valley, CA | Masterflow"
2,Riverside & Moreno Valley,ready_for_audos_microsite_bind,city_hub,Perris,All Plumbing Services,perris-plumber,https://masterflowplumbing.us/perris-plumber,/seo-preview/locations/perris/,437,"Plumber in Perris, CA | Masterflow"
2,Riverside & Moreno Valley,ready_for_audos_microsite_bind,city_hub,Jurupa Valley,All Plumbing Services,jurupa-valley-plumber,https://masterflowplumbing.us/jurupa-valley-plumber,/seo-preview/locations/jurupa-valley/,425,"Plumber in Jurupa Valley, CA | Masterflow"
2,Riverside & Moreno Valley,ready_for_audos_microsite_bind,city_service,Riverside,Emergency Plumbing,riverside-emergency-plumber,https://masterflowplumbing.us/riverside-emergency-plumber,/seo-preview/locations/riverside/emergency-plumbing/,596,"Emergency Plumbing in Riverside, CA | Masterflow"
2,Riverside & Moreno Valley,ready_for_audos_microsite_bind,city_service,Moreno Valley,Emergency Plumbing,moreno-valley-emergency-plumber,https://masterflowplumbing.us/moreno-valley-emergency-plumber,/seo-preview/locations/moreno-valley/emergency-plumbing/,591,"Emergency Plumbing in Moreno Valley, CA | Masterflow"
2,Riverside & Moreno Valley,ready_for_audos_microsite_bind,city_service,Perris,Emergency Plumbing,perris-emergency-plumber,https://masterflowplumbing.us/perris-emergency-plumber,/seo-preview/locations/perris/emergency-plumbing/,589,"Emergency Plumbing in Perris, CA | Masterflow"
2,Riverside & Moreno Valley,ready_for_audos_microsite_bind,city_service,Jurupa Valley,Emergency Plumbing,jurupa-valley-emergency-plumber,https://masterflowplumbing.us/jurupa-valley-emergency-plumber,/seo-preview/locations/jurupa-valley/emergency-plumbing/,592,"Emergency Plumbing in Jurupa Valley, CA | Masterflow"
2,Riverside & Moreno Valley,ready_for_audos_microsite_bind,city_service,Riverside,Drain Cleaning,riverside-drain-cleaning,https://masterflowplumbing.us/riverside-drain-cleaning,/seo-preview/locations/riverside/drain-cleaning/,598,"Drain Cleaning in Riverside, CA | Masterflow"
2,Riverside & Moreno Valley,ready_for_audos_microsite_bind,city_service,Moreno Valley,Drain Cleaning,moreno-valley-drain-cleaning,https://masterflowplumbing.us/moreno-valley-drain-cleaning,/seo-preview/locations/moreno-valley/drain-cleaning/,593,"Drain Cleaning in Moreno Valley, CA | Masterflow"
2,Riverside & Moreno Valley,ready_for_audos_microsite_bind,city_service,Perris,Drain Cleaning,perris-drain-cleaning,https://masterflowplumbing.us/perris-drain-cleaning,/seo-preview/locations/perris/drain-cleaning/,591,"Drain Cleaning in Perris, CA | Masterflow"
2,Riverside & Moreno Valley,ready_for_audos_microsite_bind,city_service,Jurupa Valley,Drain Cleaning,jurupa-valley-drain-cleaning,https://masterflowplumbing.us/jurupa-valley-drain-cleaning,/seo-preview/locations/jurupa-valley/drain-cleaning/,594,"Drain Cleaning in Jurupa Valley, CA | Masterflow"
3,Rancho, Ontario & Claremont,ready_for_audos_microsite_bind,city_hub,Rancho Cucamonga,All Plumbing Services,rancho-cucamonga-plumber,https://masterflowplumbing.us/rancho-cucamonga-plumber,/seo-preview/locations/rancho-cucamonga/,450,"Plumber in Rancho Cucamonga, CA | Masterflow"
3,Rancho, Ontario & Claremont,ready_for_audos_microsite_bind,city_hub,Ontario,All Plumbing Services,ontario-plumber,https://masterflowplumbing.us/ontario-plumber,/seo-preview/locations/ontario/,436,"Plumber in Ontario, CA | Masterflow"
3,Rancho, Ontario & Claremont,ready_for_audos_microsite_bind,city_hub,Claremont,All Plumbing Services,claremont-plumber,https://masterflowplumbing.us/claremont-plumber,/seo-preview/locations/claremont/,441,"Plumber in Claremont, CA | Masterflow"
3,Rancho, Ontario & Claremont,ready_for_audos_microsite_bind,city_service,Rancho Cucamonga,Emergency Plumbing,rancho-cucamonga-emergency-plumber,https://masterflowplumbing.us/rancho-cucamonga-emergency-plumber,/seo-preview/locations/rancho-cucamonga/emergency-plumbing/,605,"Emergency Plumbing in Rancho Cucamonga, CA | Masterflow"
3,Rancho, Ontario & Claremont,ready_for_audos_microsite_bind,city_service,Ontario,Emergency Plumbing,ontario-emergency-plumber,https://masterflowplumbing.us/ontario-emergency-plumber,/seo-preview/locations/ontario/emergency-plumbing/,586,"Emergency Plumbing in Ontario, CA | Masterflow"
3,Rancho, Ontario & Claremont,ready_for_audos_microsite_bind,city_service,Claremont,Emergency Plumbing,claremont-emergency-plumber,https://masterflowplumbing.us/claremont-emergency-plumber,/seo-preview/locations/claremont/emergency-plumbing/,578,"Emergency Plumbing in Claremont, CA | Masterflow"
3,Rancho, Ontario & Claremont,ready_for_audos_microsite_bind,city_service,Rancho Cucamonga,Drain Cleaning,rancho-cucamonga-drain-cleaning,https://masterflowplumbing.us/rancho-cucamonga-drain-cleaning,/seo-preview/locations/rancho-cucamonga/drain-cleaning/,607,"Drain Cleaning in Rancho Cucamonga, CA | Masterflow"
3,Rancho, Ontario & Claremont,ready_for_audos_microsite_bind,city_service,Ontario,Drain Cleaning,ontario-drain-cleaning,https://masterflowplumbing.us/ontario-drain-cleaning,/seo-preview/locations/ontario/drain-cleaning/,588,"Drain Cleaning in Ontario, CA | Masterflow"
3,Rancho, Ontario & Claremont,ready_for_audos_microsite_bind,city_service,Claremont,Drain Cleaning,claremont-drain-cleaning,https://masterflowplumbing.us/claremont-drain-cleaning,/seo-preview/locations/claremont/drain-cleaning/,580,"Drain Cleaning in Claremont, CA | Masterflow"
3,Rancho, Ontario & Claremont,ready_for_audos_microsite_bind,city_service,Rancho Cucamonga,Leak Detection,rancho-cucamonga-leak-detection,https://masterflowplumbing.us/rancho-cucamonga-leak-detection,/seo-preview/locations/rancho-cucamonga/leak-detection/,591,"Leak Detection in Rancho Cucamonga, CA | Masterflow"
3,Rancho, Ontario & Claremont,ready_for_audos_microsite_bind,city_service,Ontario,Leak Detection,ontario-leak-detection,https://masterflowplumbing.us/ontario-leak-detection,/seo-preview/locations/ontario/leak-detection/,572,"Leak Detection in Ontario, CA | Masterflow"
3,Rancho, Ontario & Claremont,ready_for_audos_microsite_bind,city_service,Claremont,Leak Detection,claremont-leak-detection,https://masterflowplumbing.us/claremont-leak-detection,/seo-preview/locations/claremont/leak-detection/,564,"Leak Detection in Claremont, CA | Masterflow"
4,Foothill / Inland Empire Support,ready_for_audos_microsite_bind,city_hub,Fontana,All Plumbing Services,fontana-plumber,https://masterflowplumbing.us/fontana-plumber,/seo-preview/locations/fontana/,433,"Plumber in Fontana, CA | Masterflow"
4,Foothill / Inland Empire Support,ready_for_audos_microsite_bind,city_hub,Upland,All Plumbing Services,upland-plumber,https://masterflowplumbing.us/upland-plumber,/seo-preview/locations/upland/,458,"Plumber in Upland, CA | Masterflow"
4,Foothill / Inland Empire Support,ready_for_audos_microsite_bind,city_hub,Pomona,All Plumbing Services,pomona-plumber,https://masterflowplumbing.us/pomona-plumber,/seo-preview/locations/pomona/,447,"Plumber in Pomona, CA | Masterflow"
4,Foothill / Inland Empire Support,ready_for_audos_microsite_bind,city_service,Fontana,Emergency Plumbing,fontana-emergency-plumber,https://masterflowplumbing.us/fontana-emergency-plumber,/seo-preview/locations/fontana/emergency-plumbing/,579,"Emergency Plumbing in Fontana, CA | Masterflow"
4,Foothill / Inland Empire Support,ready_for_audos_microsite_bind,city_service,Upland,Emergency Plumbing,upland-emergency-plumber,https://masterflowplumbing.us/upland-emergency-plumber,/seo-preview/locations/upland/emergency-plumbing/,594,"Emergency Plumbing in Upland, CA | Masterflow"
4,Foothill / Inland Empire Support,ready_for_audos_microsite_bind,city_service,Pomona,Emergency Plumbing,pomona-emergency-plumber,https://masterflowplumbing.us/pomona-emergency-plumber,/seo-preview/locations/pomona/emergency-plumbing/,591,"Emergency Plumbing in Pomona, CA | Masterflow"
4,Foothill / Inland Empire Support,ready_for_audos_microsite_bind,city_service,Fontana,Drain Cleaning,fontana-drain-cleaning,https://masterflowplumbing.us/fontana-drain-cleaning,/seo-preview/locations/fontana/drain-cleaning/,581,"Drain Cleaning in Fontana, CA | Masterflow"
4,Foothill / Inland Empire Support,ready_for_audos_microsite_bind,city_service,Upland,Drain Cleaning,upland-drain-cleaning,https://masterflowplumbing.us/upland-drain-cleaning,/seo-preview/locations/upland/drain-cleaning/,596,"Drain Cleaning in Upland, CA | Masterflow"
4,Foothill / Inland Empire Support,ready_for_audos_microsite_bind,city_service,Pomona,Drain Cleaning,pomona-drain-cleaning,https://masterflowplumbing.us/pomona-drain-cleaning,/seo-preview/locations/pomona/drain-cleaning/,593,"Drain Cleaning in Pomona, CA | Masterflow"
4,Foothill / Inland Empire Support,ready_for_audos_microsite_bind,city_service,Fontana,Leak Detection,fontana-leak-detection,https://masterflowplumbing.us/fontana-leak-detection,/seo-preview/locations/fontana/leak-detection/,565,"Leak Detection in Fontana, CA | Masterflow"
4,Foothill / Inland Empire Support,ready_for_audos_microsite_bind,city_service,Upland,Leak Detection,upland-leak-detection,https://masterflowplumbing.us/upland-leak-detection,/seo-preview/locations/upland/leak-detection/,580,"Leak Detection in Upland, CA | Masterflow"
4,Foothill / Inland Empire Support,ready_for_audos_microsite_bind,city_service,Pomona,Leak Detection,pomona-leak-detection,https://masterflowplumbing.us/pomona-leak-detection,/seo-preview/locations/pomona/leak-detection/,577,"Leak Detection in Pomona, CA | Masterflow"
5,Murrieta & Surrounding,ready_for_audos_microsite_bind,city_hub,Murrieta,All Plumbing Services,murrieta-plumber,https://masterflowplumbing.us/murrieta-plumber,/seo-preview/locations/murrieta/,447,"Plumber in Murrieta, CA | Masterflow"
5,Murrieta & Surrounding,ready_for_audos_microsite_bind,city_hub,Temecula,All Plumbing Services,temecula-plumber,https://masterflowplumbing.us/temecula-plumber,/seo-preview/locations/temecula/,415,"Plumber in Temecula, CA | Masterflow"
5,Murrieta & Surrounding,ready_for_audos_microsite_bind,city_hub,Wildomar,All Plumbing Services,wildomar-plumber,https://masterflowplumbing.us/wildomar-plumber,/seo-preview/locations/wildomar/,446,"Plumber in Wildomar, CA | Masterflow"
5,Murrieta & Surrounding,ready_for_audos_microsite_bind,city_service,Murrieta,Emergency Plumbing,murrieta-emergency-plumber,https://masterflowplumbing.us/murrieta-emergency-plumber,/seo-preview/locations/murrieta/emergency-plumbing/,592,"Emergency Plumbing in Murrieta, CA | Masterflow"
5,Murrieta & Surrounding,ready_for_audos_microsite_bind,city_service,Temecula,Emergency Plumbing,temecula-emergency-plumber,https://masterflowplumbing.us/temecula-emergency-plumber,/seo-preview/locations/temecula/emergency-plumbing/,582,"Emergency Plumbing in Temecula, CA | Masterflow"
5,Murrieta & Surrounding,ready_for_audos_microsite_bind,city_service,Wildomar,Emergency Plumbing,wildomar-emergency-plumber,https://masterflowplumbing.us/wildomar-emergency-plumber,/seo-preview/locations/wildomar/emergency-plumbing/,590,"Emergency Plumbing in Wildomar, CA | Masterflow"
5,Murrieta & Surrounding,ready_for_audos_microsite_bind,city_service,Murrieta,Drain Cleaning,murrieta-drain-cleaning,https://masterflowplumbing.us/murrieta-drain-cleaning,/seo-preview/locations/murrieta/drain-cleaning/,594,"Drain Cleaning in Murrieta, CA | Masterflow"
5,Murrieta & Surrounding,ready_for_audos_microsite_bind,city_service,Temecula,Drain Cleaning,temecula-drain-cleaning,https://masterflowplumbing.us/temecula-drain-cleaning,/seo-preview/locations/temecula/drain-cleaning/,584,"Drain Cleaning in Temecula, CA | Masterflow"
5,Murrieta & Surrounding,ready_for_audos_microsite_bind,city_service,Wildomar,Drain Cleaning,wildomar-drain-cleaning,https://masterflowplumbing.us/wildomar-drain-cleaning,/seo-preview/locations/wildomar/drain-cleaning/,592,"Drain Cleaning in Wildomar, CA | Masterflow"
5,Murrieta & Surrounding,ready_for_audos_microsite_bind,city_service,Murrieta,Leak Detection,murrieta-leak-detection,https://masterflowplumbing.us/murrieta-leak-detection,/seo-preview/locations/murrieta/leak-detection/,578,"Leak Detection in Murrieta, CA | Masterflow"
5,Murrieta & Surrounding,ready_for_audos_microsite_bind,city_service,Temecula,Leak Detection,temecula-leak-detection,https://masterflowplumbing.us/temecula-leak-detection,/seo-preview/locations/temecula/leak-detection/,568,"Leak Detection in Temecula, CA | Masterflow"
5,Murrieta & Surrounding,ready_for_audos_microsite_bind,city_service,Wildomar,Leak Detection,wildomar-leak-detection,https://masterflowplumbing.us/wildomar-leak-detection,/seo-preview/locations/wildomar/leak-detection/,576,"Leak Detection in Wildomar, CA | Masterflow"
6,Southwest Riverside Support,ready_for_audos_microsite_bind,city_hub,Menifee,All Plumbing Services,menifee-plumber,https://masterflowplumbing.us/menifee-plumber,/seo-preview/locations/menifee/,444,"Plumber in Menifee, CA | Masterflow"
6,Southwest Riverside Support,ready_for_audos_microsite_bind,city_service,Menifee,Emergency Plumbing,menifee-emergency-plumber,https://masterflowplumbing.us/menifee-emergency-plumber,/seo-preview/locations/menifee/emergency-plumbing/,586,"Emergency Plumbing in Menifee, CA | Masterflow"
6,Southwest Riverside Support,ready_for_audos_microsite_bind,city_service,Menifee,Drain Cleaning,menifee-drain-cleaning,https://masterflowplumbing.us/menifee-drain-cleaning,/seo-preview/locations/menifee/drain-cleaning/,588,"Drain Cleaning in Menifee, CA | Masterflow"
6,Southwest Riverside Support,ready_for_audos_microsite_bind,city_service,Menifee,Leak Detection,menifee-leak-detection,https://masterflowplumbing.us/menifee-leak-detection,/seo-preview/locations/menifee/leak-detection/,572,"Leak Detection in Menifee, CA | Masterflow"
6,Southwest Riverside Support,ready_for_audos_microsite_bind,city_service,Perris,Leak Detection,perris-leak-detection,https://masterflowplumbing.us/perris-leak-detection,/seo-preview/locations/perris/leak-detection/,575,"Leak Detection in Perris, CA | Masterflow"
6,Southwest Riverside Support,ready_for_audos_microsite_bind,city_service,Moreno Valley,Leak Detection,moreno-valley-leak-detection,https://masterflowplumbing.us/moreno-valley-leak-detection,/seo-preview/locations/moreno-valley/leak-detection/,577,"Leak Detection in Moreno Valley, CA | Masterflow"
6,Southwest Riverside Support,ready_for_audos_microsite_bind,city_service,Menifee,Sewer Line Repair,menifee-sewer-line-repair,https://masterflowplumbing.us/menifee-sewer-line-repair,/seo-preview/locations/menifee/sewer-line-repair/,588,"Sewer Line Repair in Menifee, CA | Masterflow"
6,Southwest Riverside Support,ready_for_audos_microsite_bind,city_service,Perris,Sewer Line Repair,perris-sewer-line-repair,https://masterflowplumbing.us/perris-sewer-line-repair,/seo-preview/locations/perris/sewer-line-repair/,591,"Sewer Line Repair in Perris, CA | Masterflow"
6,Southwest Riverside Support,ready_for_audos_microsite_bind,city_service,Moreno Valley,Sewer Line Repair,moreno-valley-sewer-line-repair,https://masterflowplumbing.us/moreno-valley-sewer-line-repair,/seo-preview/locations/moreno-valley/sewer-line-repair/,593,"Sewer Line Repair in Moreno Valley, CA | Masterflow"
6,Southwest Riverside Support,ready_for_audos_microsite_bind,city_service,Wildomar,Sewer Line Repair,wildomar-sewer-line-repair,https://masterflowplumbing.us/wildomar-sewer-line-repair,/seo-preview/locations/wildomar/sewer-line-repair/,592,"Sewer Line Repair in Wildomar, CA | Masterflow"
6,Southwest Riverside Support,ready_for_audos_microsite_bind,city_service,Menifee,Water Heater Repair & Install,menifee-water-heater-repair,https://masterflowplumbing.us/menifee-water-heater-repair,/seo-preview/locations/menifee/water-heater-repair-install/,598,"Water Heater Service in Menifee, CA | Masterflow"
6,Southwest Riverside Support,ready_for_audos_microsite_bind,city_service,Perris,Water Heater Repair & Install,perris-water-heater-repair,https://masterflowplumbing.us/perris-water-heater-repair,/seo-preview/locations/perris/water-heater-repair-install/,601,"Water Heater Service in Perris, CA | Masterflow"
,,ready_for_audos_microsite_bind,city_hub,Chino,All Plumbing Services,chino-plumber,https://masterflowplumbing.us/chino-plumber,/seo-preview/locations/chino/,446,"Plumber in Chino, CA | Masterflow"
,,ready_for_audos_microsite_bind,city_hub,San Bernardino,All Plumbing Services,san-bernardino-plumber,https://masterflowplumbing.us/san-bernardino-plumber,/seo-preview/locations/san-bernardino/,439,"Plumber in San Bernardino, CA | Masterflow"
,,ready_for_audos_microsite_bind,city_hub,Redlands,All Plumbing Services,redlands-plumber,https://masterflowplumbing.us/redlands-plumber,/seo-preview/locations/redlands/,444,"Plumber in Redlands, CA | Masterflow"
,,ready_for_audos_microsite_bind,city_hub,Yucaipa,All Plumbing Services,yucaipa-plumber,https://masterflowplumbing.us/yucaipa-plumber,/seo-preview/locations/yucaipa/,453,"Plumber in Yucaipa, CA | Masterflow"
,,ready_for_audos_microsite_bind,city_hub,Hesperia,All Plumbing Services,hesperia-plumber,https://masterflowplumbing.us/hesperia-plumber,/seo-preview/locations/hesperia/,454,"Plumber in Hesperia, CA | Masterflow"
,,ready_for_audos_microsite_bind,city_hub,Victorville,All Plumbing Services,victorville-plumber,https://masterflowplumbing.us/victorville-plumber,/seo-preview/locations/victorville/,467,"Plumber in Victorville, CA | Masterflow"
,,ready_for_audos_microsite_bind,city_hub,Eastvale,All Plumbing Services,eastvale-plumber,https://masterflowplumbing.us/eastvale-plumber,/seo-preview/locations/eastvale/,435,"Plumber in Eastvale, CA | Masterflow"
,,ready_for_audos_microsite_bind,city_hub,Rialto,All Plumbing Services,rialto-plumber,https://masterflowplumbing.us/rialto-plumber,/seo-preview/locations/rialto/,432,"Plumber in Rialto, CA | Masterflow"
,,ready_for_audos_microsite_bind,city_service,Corona,Hydro-Jetting,corona-hydro-jetting,https://masterflowplumbing.us/corona-hydro-jetting,/seo-preview/locations/corona/hydro-jetting/,586,"Hydro-Jetting in Corona, CA | Masterflow"
,,ready_for_audos_microsite_bind,city_service,Corona,Slab Leak Repair,corona-slab-leak-repair,https://masterflowplumbing.us/corona-slab-leak-repair,/seo-preview/locations/corona/slab-leak-repair/,603,"Slab Leak Repair in Corona, CA | Masterflow"
,,ready_for_audos_microsite_bind,city_service,Corona,Repiping,corona-repiping,https://masterflowplumbing.us/corona-repiping,/seo-preview/locations/corona/repiping/,578,"Repiping in Corona, CA | Masterflow"
,,ready_for_audos_microsite_bind,city_service,Corona,Gas Line Services,corona-gas-line-services,https://masterflowplumbing.us/corona-gas-line-services,/seo-preview/locations/corona/gas-line-services/,600,"Gas Line Plumbing in Corona, CA | Masterflow"
,,ready_for_audos_microsite_bind,city_service,Corona,Fixture Install & Repair,corona-fixture-repair,https://masterflowplumbing.us/corona-fixture-repair,/seo-preview/locations/corona/fixture-install-repair/,600,"Fixture Plumbing in Corona, CA | Masterflow"
,,ready_for_audos_microsite_bind,city_service,Norco,Hydro-Jetting,norco-hydro-jetting,https://masterflowplumbing.us/norco-hydro-jetting,/seo-preview/locations/norco/hydro-jetting/,573,"Hydro-Jetting in Norco, CA | Masterflow"
,,ready_for_audos_microsite_bind,city_service,Norco,Slab Leak Repair,norco-slab-leak-repair,https://masterflowplumbing.us/norco-slab-leak-repair,/seo-preview/locations/norco/slab-leak-repair/,590,"Slab Leak Repair in Norco, CA | Masterflow"
,,ready_for_audos_microsite_bind,city_service,Norco,Repiping,norco-repiping,https://masterflowplumbing.us/norco-repiping,/seo-preview/locations/norco/repiping/,565,"Repiping in Norco, CA | Masterflow"
,,ready_for_audos_microsite_bind,city_service,Norco,Gas Line Services,norco-gas-line-services,https://masterflowplumbing.us/norco-gas-line-services,/seo-preview/locations/norco/gas-line-services/,587,"Gas Line Plumbing in Norco, CA | Masterflow"
,,ready_for_audos_microsite_bind,city_service,Norco,Fixture Install & Repair,norco-fixture-repair,https://masterflowplumbing.us/norco-fixture-repair,/seo-preview/locations/norco/fixture-install-repair/,587,"Fixture Plumbing in Norco, CA | Masterflow"
,,ready_for_audos_microsite_bind,city_service,Riverside,Hydro-Jetting,riverside-hydro-jetting,https://masterflowplumbing.us/riverside-hydro-jetting,/seo-preview/locations/riverside/hydro-jetting/,578,"Hydro-Jetting in Riverside, CA | Masterflow"
,,ready_for_audos_microsite_bind,city_service,Riverside,Water Heater Repair & Install,riverside-water-heater-repair,https://masterflowplumbing.us/riverside-water-heater-repair,/seo-preview/locations/riverside/water-heater-repair-install/,608,"Water Heater Service in Riverside, CA | Masterflow"
,,ready_for_audos_microsite_bind,city_service,Riverside,Sewer Line Repair,riverside-sewer-line-repair,https://masterflowplumbing.us/riverside-sewer-line-repair,/seo-preview/locations/riverside/sewer-line-repair/,598,"Sewer Line Repair in Riverside, CA | Masterflow"
,,ready_for_audos_microsite_bind,city_service,Riverside,Leak Detection,riverside-leak-detection,https://masterflowplumbing.us/riverside-leak-detection,/seo-preview/locations/riverside/leak-detection/,582,"Leak Detection in Riverside, CA | Masterflow"
,,ready_for_audos_microsite_bind,city_service,Riverside,Slab Leak Repair,riverside-slab-leak-repair,https://masterflowplumbing.us/riverside-slab-leak-repair,/seo-preview/locations/riverside/slab-leak-repair/,595,"Slab Leak Repair in Riverside, CA | Masterflow"
,,ready_for_audos_microsite_bind,city_service,Riverside,Repiping,riverside-repiping,https://masterflowplumbing.us/riverside-repiping,/seo-preview/locations/riverside/repiping/,570,"Repiping in Riverside, CA | Masterflow"
,,ready_for_audos_microsite_bind,city_service,Riverside,Gas Line Services,riverside-gas-line-services,https://masterflowplumbing.us/riverside-gas-line-services,/seo-preview/locations/riverside/gas-line-services/,592,"Gas Line Plumbing in Riverside, CA | Masterflow"
,,ready_for_audos_microsite_bind,city_service,Riverside,Fixture Install & Repair,riverside-fixture-repair,https://masterflowplumbing.us/riverside-fixture-repair,/seo-preview/locations/riverside/fixture-install-repair/,592,"Fixture Plumbing in Riverside, CA | Masterflow"
,,ready_for_audos_microsite_bind,city_service,Rancho Cucamonga,Hydro-Jetting,rancho-cucamonga-hydro-jetting,https://masterflowplumbing.us/rancho-cucamonga-hydro-jetting,/seo-preview/locations/rancho-cucamonga/hydro-jetting/,587,"Hydro-Jetting in Rancho Cucamonga, CA | Masterflow"
,,ready_for_audos_microsite_bind,city_service,Rancho Cucamonga,Water Heater Repair & Install,rancho-cucamonga-water-heater-repair,https://masterflowplumbing.us/rancho-cucamonga-water-heater-repair,/seo-preview/locations/rancho-cucamonga/water-heater-repair-install/,617,"Water Heater Service in Rancho Cucamonga, CA | Masterflow"
,,ready_for_audos_microsite_bind,city_service,Rancho Cucamonga,Sewer Line Repair,rancho-cucamonga-sewer-line-repair,https://masterflowplumbing.us/rancho-cucamonga-sewer-line-repair,/seo-preview/locations/rancho-cucamonga/sewer-line-repair/,607,"Sewer Line Repair in Rancho Cucamonga, CA | Masterflow"
,,ready_for_audos_microsite_bind,city_service,Rancho Cucamonga,Slab Leak Repair,rancho-cucamonga-slab-leak-repair,https://masterflowplumbing.us/rancho-cucamonga-slab-leak-repair,/seo-preview/locations/rancho-cucamonga/slab-leak-repair/,604,"Slab Leak Repair in Rancho Cucamonga, CA | Masterflow"
,,ready_for_audos_microsite_bind,city_service,Rancho Cucamonga,Repiping,rancho-cucamonga-repiping,https://masterflowplumbing.us/rancho-cucamonga-repiping,/seo-preview/locations/rancho-cucamonga/repiping/,579,"Repiping in Rancho Cucamonga, CA | Masterflow"
,,ready_for_audos_microsite_bind,city_service,Rancho Cucamonga,Gas Line Services,rancho-cucamonga-gas-line-services,https://masterflowplumbing.us/rancho-cucamonga-gas-line-services,/seo-preview/locations/rancho-cucamonga/gas-line-services/,601,"Gas Line Plumbing in Rancho Cucamonga, CA | Masterflow"
,,ready_for_audos_microsite_bind,city_service,Rancho Cucamonga,Fixture Install & Repair,rancho-cucamonga-fixture-repair,https://masterflowplumbing.us/rancho-cucamonga-fixture-repair,/seo-preview/locations/rancho-cucamonga/fixture-install-repair/,601,"Fixture Plumbing in Rancho Cucamonga, CA | Masterflow"
,,ready_for_audos_microsite_bind,city_service,Ontario,Hydro-Jetting,ontario-hydro-jetting,https://masterflowplumbing.us/ontario-hydro-jetting,/seo-preview/locations/ontario/hydro-jetting/,568,"Hydro-Jetting in Ontario, CA | Masterflow"
,,ready_for_audos_microsite_bind,city_service,Ontario,Water Heater Repair & Install,ontario-water-heater-repair,https://masterflowplumbing.us/ontario-water-heater-repair,/seo-preview/locations/ontario/water-heater-repair-install/,598,"Water Heater Service in Ontario, CA | Masterflow"
,,ready_for_audos_microsite_bind,city_service,Ontario,Sewer Line Repair,ontario-sewer-line-repair,https://masterflowplumbing.us/ontario-sewer-line-repair,/seo-preview/locations/ontario/sewer-line-repair/,588,"Sewer Line Repair in Ontario, CA | Masterflow"
,,ready_for_audos_microsite_bind,city_service,Ontario,Slab Leak Repair,ontario-slab-leak-repair,https://masterflowplumbing.us/ontario-slab-leak-repair,/seo-preview/locations/ontario/slab-leak-repair/,585,"Slab Leak Repair in Ontario, CA | Masterflow"
,,ready_for_audos_microsite_bind,city_service,Ontario,Repiping,ontario-repiping,https://masterflowplumbing.us/ontario-repiping,/seo-preview/locations/ontario/repiping/,560,"Repiping in Ontario, CA | Masterflow"
,,ready_for_audos_microsite_bind,city_service,Ontario,Gas Line Services,ontario-gas-line-services,https://masterflowplumbing.us/ontario-gas-line-services,/seo-preview/locations/ontario/gas-line-services/,582,"Gas Line Plumbing in Ontario, CA | Masterflow"
,,ready_for_audos_microsite_bind,city_service,Ontario,Fixture Install & Repair,ontario-fixture-repair,https://masterflowplumbing.us/ontario-fixture-repair,/seo-preview/locations/ontario/fixture-install-repair/,582,"Fixture Plumbing in Ontario, CA | Masterflow"
,,ready_for_audos_microsite_bind,city_service,Chino,Emergency Plumbing,chino-emergency-plumber,https://masterflowplumbing.us/chino-emergency-plumber,/seo-preview/locations/chino/emergency-plumbing/,588,"Emergency Plumbing in Chino, CA | Masterflow"
,,ready_for_audos_microsite_bind,city_service,Chino,Drain Cleaning,chino-drain-cleaning,https://masterflowplumbing.us/chino-drain-cleaning,/seo-preview/locations/chino/drain-cleaning/,590,"Drain Cleaning in Chino, CA | Masterflow"
,,ready_for_audos_microsite_bind,city_service,Chino,Hydro-Jetting,chino-hydro-jetting,https://masterflowplumbing.us/chino-hydro-jetting,/seo-preview/locations/chino/hydro-jetting/,570,"Hydro-Jetting in Chino, CA | Masterflow"
,,ready_for_audos_microsite_bind,city_service,Chino,Water Heater Repair & Install,chino-water-heater-repair,https://masterflowplumbing.us/chino-water-heater-repair,/seo-preview/locations/chino/water-heater-repair-install/,600,"Water Heater Service in Chino, CA | Masterflow"
,,ready_for_audos_microsite_bind,city_service,Chino,Sewer Line Repair,chino-sewer-line-repair,https://masterflowplumbing.us/chino-sewer-line-repair,/seo-preview/locations/chino/sewer-line-repair/,590,"Sewer Line Repair in Chino, CA | Masterflow"
,,ready_for_audos_microsite_bind,city_service,Chino,Leak Detection,chino-leak-detection,https://masterflowplumbing.us/chino-leak-detection,/seo-preview/locations/chino/leak-detection/,574,"Leak Detection in Chino, CA | Masterflow"
,,ready_for_audos_microsite_bind,city_service,Chino,Slab Leak Repair,chino-slab-leak-repair,https://masterflowplumbing.us/chino-slab-leak-repair,/seo-preview/locations/chino/slab-leak-repair/,587,"Slab Leak Repair in Chino, CA | Masterflow"
,,ready_for_audos_microsite_bind,city_service,Chino,Repiping,chino-repiping,https://masterflowplumbing.us/chino-repiping,/seo-preview/locations/chino/repiping/,562,"Repiping in Chino, CA | Masterflow"
,,ready_for_audos_microsite_bind,city_service,Chino,Gas Line Services,chino-gas-line-services,https://masterflowplumbing.us/chino-gas-line-services,/seo-preview/locations/chino/gas-line-services/,584,"Gas Line Plumbing in Chino, CA | Masterflow"
,,ready_for_audos_microsite_bind,city_service,Chino,Fixture Install & Repair,chino-fixture-repair,https://masterflowplumbing.us/chino-fixture-repair,/seo-preview/locations/chino/fixture-install-repair/,584,"Fixture Plumbing in Chino, CA | Masterflow"
,,ready_for_audos_microsite_bind,city_service,Claremont,Hydro-Jetting,claremont-hydro-jetting,https://masterflowplumbing.us/claremont-hydro-jetting,/seo-preview/locations/claremont/hydro-jetting/,560,"Hydro-Jetting in Claremont, CA | Masterflow"
,,ready_for_audos_microsite_bind,city_service,Claremont,Water Heater Repair & Install,claremont-water-heater-repair,https://masterflowplumbing.us/claremont-water-heater-repair,/seo-preview/locations/claremont/water-heater-repair-install/,590,"Water Heater Service in Claremont, CA | Masterflow"
,,ready_for_audos_microsite_bind,city_service,Claremont,Sewer Line Repair,claremont-sewer-line-repair,https://masterflowplumbing.us/claremont-sewer-line-repair,/seo-preview/locations/claremont/sewer-line-repair/,580,"Sewer Line Repair in Claremont, CA | Masterflow"
,,ready_for_audos_microsite_bind,city_service,Claremont,Slab Leak Repair,claremont-slab-leak-repair,https://masterflowplumbing.us/claremont-slab-leak-repair,/seo-preview/locations/claremont/slab-leak-repair/,577,"Slab Leak Repair in Claremont, CA | Masterflow"
,,ready_for_audos_microsite_bind,city_service,Claremont,Repiping,claremont-repiping,https://masterflowplumbing.us/claremont-repiping,/seo-preview/locations/claremont/repiping/,552,"Repiping in Claremont, CA | Masterflow"
,,ready_for_audos_microsite_bind,city_service,Claremont,Gas Line Services,claremont-gas-line-services,https://masterflowplumbing.us/claremont-gas-line-services,/seo-preview/locations/claremont/gas-line-services/,574,"Gas Line Plumbing in Claremont, CA | Masterflow"
,,ready_for_audos_microsite_bind,city_service,Claremont,Fixture Install & Repair,claremont-fixture-repair,https://masterflowplumbing.us/claremont-fixture-repair,/seo-preview/locations/claremont/fixture-install-repair/,574,"Fixture Plumbing in Claremont, CA | Masterflow"
,,ready_for_audos_microsite_bind,city_service,Fontana,Hydro-Jetting,fontana-hydro-jetting,https://masterflowplumbing.us/fontana-hydro-jetting,/seo-preview/locations/fontana/hydro-jetting/,561,"Hydro-Jetting in Fontana, CA | Masterflow"
,,ready_for_audos_microsite_bind,city_service,Fontana,Water Heater Repair & Install,fontana-water-heater-repair,https://masterflowplumbing.us/fontana-water-heater-repair,/seo-preview/locations/fontana/water-heater-repair-install/,591,"Water Heater Service in Fontana, CA | Masterflow"
,,ready_for_audos_microsite_bind,city_service,Fontana,Sewer Line Repair,fontana-sewer-line-repair,https://masterflowplumbing.us/fontana-sewer-line-repair,/seo-preview/locations/fontana/sewer-line-repair/,581,"Sewer Line Repair in Fontana, CA | Masterflow"
,,ready_for_audos_microsite_bind,city_service,Fontana,Slab Leak Repair,fontana-slab-leak-repair,https://masterflowplumbing.us/fontana-slab-leak-repair,/seo-preview/locations/fontana/slab-leak-repair/,578,"Slab Leak Repair in Fontana, CA | Masterflow"
,,ready_for_audos_microsite_bind,city_service,Fontana,Repiping,fontana-repiping,https://masterflowplumbing.us/fontana-repiping,/seo-preview/locations/fontana/repiping/,553,"Repiping in Fontana, CA | Masterflow"
,,ready_for_audos_microsite_bind,city_service,Fontana,Gas Line Services,fontana-gas-line-services,https://masterflowplumbing.us/fontana-gas-line-services,/seo-preview/locations/fontana/gas-line-services/,575,"Gas Line Plumbing in Fontana, CA | Masterflow"
,,ready_for_audos_microsite_bind,city_service,Fontana,Fixture Install & Repair,fontana-fixture-repair,https://masterflowplumbing.us/fontana-fixture-repair,/seo-preview/locations/fontana/fixture-install-repair/,575,"Fixture Plumbing in Fontana, CA | Masterflow"
,,ready_for_audos_microsite_bind,city_service,Upland,Hydro-Jetting,upland-hydro-jetting,https://masterflowplumbing.us/upland-hydro-jetting,/seo-preview/locations/upland/hydro-jetting/,576,"Hydro-Jetting in Upland, CA | Masterflow"
,,ready_for_audos_microsite_bind,city_service,Upland,Water Heater Repair & Install,upland-water-heater-repair,https://masterflowplumbing.us/upland-water-heater-repair,/seo-preview/locations/upland/water-heater-repair-install/,606,"Water Heater Service in Upland, CA | Masterflow"
,,ready_for_audos_microsite_bind,city_service,Upland,Sewer Line Repair,upland-sewer-line-repair,https://masterflowplumbing.us/upland-sewer-line-repair,/seo-preview/locations/upland/sewer-line-repair/,596,"Sewer Line Repair in Upland, CA | Masterflow"
,,ready_for_audos_microsite_bind,city_service,Upland,Slab Leak Repair,upland-slab-leak-repair,https://masterflowplumbing.us/upland-slab-leak-repair,/seo-preview/locations/upland/slab-leak-repair/,593,"Slab Leak Repair in Upland, CA | Masterflow"
,,ready_for_audos_microsite_bind,city_service,Upland,Repiping,upland-repiping,https://masterflowplumbing.us/upland-repiping,/seo-preview/locations/upland/repiping/,568,"Repiping in Upland, CA | Masterflow"
,,ready_for_audos_microsite_bind,city_service,Upland,Gas Line Services,upland-gas-line-services,https://masterflowplumbing.us/upland-gas-line-services,/seo-preview/locations/upland/gas-line-services/,590,"Gas Line Plumbing in Upland, CA | Masterflow"
,,ready_for_audos_microsite_bind,city_service,Upland,Fixture Install & Repair,upland-fixture-repair,https://masterflowplumbing.us/upland-fixture-repair,/seo-preview/locations/upland/fixture-install-repair/,590,"Fixture Plumbing in Upland, CA | Masterflow"
,,ready_for_audos_microsite_bind,city_service,Pomona,Hydro-Jetting,pomona-hydro-jetting,https://masterflowplumbing.us/pomona-hydro-jetting,/seo-preview/locations/pomona/hydro-jetting/,573,"Hydro-Jetting in Pomona, CA | Masterflow"
,,ready_for_audos_microsite_bind,city_service,Pomona,Water Heater Repair & Install,pomona-water-heater-repair,https://masterflowplumbing.us/pomona-water-heater-repair,/seo-preview/locations/pomona/water-heater-repair-install/,603,"Water Heater Service in Pomona, CA | Masterflow"
,,ready_for_audos_microsite_bind,city_service,Pomona,Sewer Line Repair,pomona-sewer-line-repair,https://masterflowplumbing.us/pomona-sewer-line-repair,/seo-preview/locations/pomona/sewer-line-repair/,593,"Sewer Line Repair in Pomona, CA | Masterflow"
,,ready_for_audos_microsite_bind,city_service,Pomona,Slab Leak Repair,pomona-slab-leak-repair,https://masterflowplumbing.us/pomona-slab-leak-repair,/seo-preview/locations/pomona/slab-leak-repair/,590,"Slab Leak Repair in Pomona, CA | Masterflow"
,,ready_for_audos_microsite_bind,city_service,Pomona,Repiping,pomona-repiping,https://masterflowplumbing.us/pomona-repiping,/seo-preview/locations/pomona/repiping/,565,"Repiping in Pomona, CA | Masterflow"
,,ready_for_audos_microsite_bind,city_service,Pomona,Gas Line Services,pomona-gas-line-services,https://masterflowplumbing.us/pomona-gas-line-services,/seo-preview/locations/pomona/gas-line-services/,587,"Gas Line Plumbing in Pomona, CA | Masterflow"
,,ready_for_audos_microsite_bind,city_service,Pomona,Fixture Install & Repair,pomona-fixture-repair,https://masterflowplumbing.us/pomona-fixture-repair,/seo-preview/locations/pomona/fixture-install-repair/,587,"Fixture Plumbing in Pomona, CA | Masterflow"
,,ready_for_audos_microsite_bind,city_service,San Bernardino,Emergency Plumbing,san-bernardino-emergency-plumber,https://masterflowplumbing.us/san-bernardino-emergency-plumber,/seo-preview/locations/san-bernardino/emergency-plumbing/,601,"Emergency Plumbing in San Bernardino, CA | Masterflow"
,,ready_for_audos_microsite_bind,city_service,San Bernardino,Drain Cleaning,san-bernardino-drain-cleaning,https://masterflowplumbing.us/san-bernardino-drain-cleaning,/seo-preview/locations/san-bernardino/drain-cleaning/,603,"Drain Cleaning in San Bernardino, CA | Masterflow"
,,ready_for_audos_microsite_bind,city_service,San Bernardino,Hydro-Jetting,san-bernardino-hydro-jetting,https://masterflowplumbing.us/san-bernardino-hydro-jetting,/seo-preview/locations/san-bernardino/hydro-jetting/,583,"Hydro-Jetting in San Bernardino, CA | Masterflow"
,,ready_for_audos_microsite_bind,city_service,San Bernardino,Water Heater Repair & Install,san-bernardino-water-heater-repair,https://masterflowplumbing.us/san-bernardino-water-heater-repair,/seo-preview/locations/san-bernardino/water-heater-repair-install/,613,"Water Heater Service in San Bernardino, CA | Masterflow"
,,ready_for_audos_microsite_bind,city_service,San Bernardino,Sewer Line Repair,san-bernardino-sewer-line-repair,https://masterflowplumbing.us/san-bernardino-sewer-line-repair,/seo-preview/locations/san-bernardino/sewer-line-repair/,603,"Sewer Line Repair in San Bernardino, CA | Masterflow"
,,ready_for_audos_microsite_bind,city_service,San Bernardino,Leak Detection,san-bernardino-leak-detection,https://masterflowplumbing.us/san-bernardino-leak-detection,/seo-preview/locations/san-bernardino/leak-detection/,587,"Leak Detection in San Bernardino, CA | Masterflow"
,,ready_for_audos_microsite_bind,city_service,San Bernardino,Slab Leak Repair,san-bernardino-slab-leak-repair,https://masterflowplumbing.us/san-bernardino-slab-leak-repair,/seo-preview/locations/san-bernardino/slab-leak-repair/,600,"Slab Leak Repair in San Bernardino, CA | Masterflow"
,,ready_for_audos_microsite_bind,city_service,San Bernardino,Repiping,san-bernardino-repiping,https://masterflowplumbing.us/san-bernardino-repiping,/seo-preview/locations/san-bernardino/repiping/,575,"Repiping in San Bernardino, CA | Masterflow"
,,ready_for_audos_microsite_bind,city_service,San Bernardino,Gas Line Services,san-bernardino-gas-line-services,https://masterflowplumbing.us/san-bernardino-gas-line-services,/seo-preview/locations/san-bernardino/gas-line-services/,597,"Gas Line Plumbing in San Bernardino, CA | Masterflow"
,,ready_for_audos_microsite_bind,city_service,San Bernardino,Fixture Install & Repair,san-bernardino-fixture-repair,https://masterflowplumbing.us/san-bernardino-fixture-repair,/seo-preview/locations/san-bernardino/fixture-install-repair/,597,"Fixture Plumbing in San Bernardino, CA | Masterflow"
,,ready_for_audos_microsite_bind,city_service,Redlands,Emergency Plumbing,redlands-emergency-plumber,https://masterflowplumbing.us/redlands-emergency-plumber,/seo-preview/locations/redlands/emergency-plumbing/,583,"Emergency Plumbing in Redlands, CA | Masterflow"
,,ready_for_audos_microsite_bind,city_service,Redlands,Drain Cleaning,redlands-drain-cleaning,https://masterflowplumbing.us/redlands-drain-cleaning,/seo-preview/locations/redlands/drain-cleaning/,585,"Drain Cleaning in Redlands, CA | Masterflow"
,,ready_for_audos_microsite_bind,city_service,Redlands,Hydro-Jetting,redlands-hydro-jetting,https://masterflowplumbing.us/redlands-hydro-jetting,/seo-preview/locations/redlands/hydro-jetting/,565,"Hydro-Jetting in Redlands, CA | Masterflow"
,,ready_for_audos_microsite_bind,city_service,Redlands,Water Heater Repair & Install,redlands-water-heater-repair,https://masterflowplumbing.us/redlands-water-heater-repair,/seo-preview/locations/redlands/water-heater-repair-install/,595,"Water Heater Service in Redlands, CA | Masterflow"
,,ready_for_audos_microsite_bind,city_service,Redlands,Sewer Line Repair,redlands-sewer-line-repair,https://masterflowplumbing.us/redlands-sewer-line-repair,/seo-preview/locations/redlands/sewer-line-repair/,585,"Sewer Line Repair in Redlands, CA | Masterflow"
,,ready_for_audos_microsite_bind,city_service,Redlands,Leak Detection,redlands-leak-detection,https://masterflowplumbing.us/redlands-leak-detection,/seo-preview/locations/redlands/leak-detection/,569,"Leak Detection in Redlands, CA | Masterflow"
,,ready_for_audos_microsite_bind,city_service,Redlands,Slab Leak Repair,redlands-slab-leak-repair,https://masterflowplumbing.us/redlands-slab-leak-repair,/seo-preview/locations/redlands/slab-leak-repair/,582,"Slab Leak Repair in Redlands, CA | Masterflow"
,,ready_for_audos_microsite_bind,city_service,Redlands,Repiping,redlands-repiping,https://masterflowplumbing.us/redlands-repiping,/seo-preview/locations/redlands/repiping/,557,"Repiping in Redlands, CA | Masterflow"
,,ready_for_audos_microsite_bind,city_service,Redlands,Gas Line Services,redlands-gas-line-services,https://masterflowplumbing.us/redlands-gas-line-services,/seo-preview/locations/redlands/gas-line-services/,579,"Gas Line Plumbing in Redlands, CA | Masterflow"
,,ready_for_audos_microsite_bind,city_service,Redlands,Fixture Install & Repair,redlands-fixture-repair,https://masterflowplumbing.us/redlands-fixture-repair,/seo-preview/locations/redlands/fixture-install-repair/,579,"Fixture Plumbing in Redlands, CA | Masterflow"
,,ready_for_audos_microsite_bind,city_service,Yucaipa,Emergency Plumbing,yucaipa-emergency-plumber,https://masterflowplumbing.us/yucaipa-emergency-plumber,/seo-preview/locations/yucaipa/emergency-plumbing/,583,"Emergency Plumbing in Yucaipa, CA | Masterflow"
,,ready_for_audos_microsite_bind,city_service,Yucaipa,Drain Cleaning,yucaipa-drain-cleaning,https://masterflowplumbing.us/yucaipa-drain-cleaning,/seo-preview/locations/yucaipa/drain-cleaning/,585,"Drain Cleaning in Yucaipa, CA | Masterflow"
,,ready_for_audos_microsite_bind,city_service,Yucaipa,Hydro-Jetting,yucaipa-hydro-jetting,https://masterflowplumbing.us/yucaipa-hydro-jetting,/seo-preview/locations/yucaipa/hydro-jetting/,565,"Hydro-Jetting in Yucaipa, CA | Masterflow"
,,ready_for_audos_microsite_bind,city_service,Yucaipa,Water Heater Repair & Install,yucaipa-water-heater-repair,https://masterflowplumbing.us/yucaipa-water-heater-repair,/seo-preview/locations/yucaipa/water-heater-repair-install/,595,"Water Heater Service in Yucaipa, CA | Masterflow"
,,ready_for_audos_microsite_bind,city_service,Yucaipa,Sewer Line Repair,yucaipa-sewer-line-repair,https://masterflowplumbing.us/yucaipa-sewer-line-repair,/seo-preview/locations/yucaipa/sewer-line-repair/,585,"Sewer Line Repair in Yucaipa, CA | Masterflow"
,,ready_for_audos_microsite_bind,city_service,Yucaipa,Leak Detection,yucaipa-leak-detection,https://masterflowplumbing.us/yucaipa-leak-detection,/seo-preview/locations/yucaipa/leak-detection/,569,"Leak Detection in Yucaipa, CA | Masterflow"
,,ready_for_audos_microsite_bind,city_service,Yucaipa,Slab Leak Repair,yucaipa-slab-leak-repair,https://masterflowplumbing.us/yucaipa-slab-leak-repair,/seo-preview/locations/yucaipa/slab-leak-repair/,582,"Slab Leak Repair in Yucaipa, CA | Masterflow"
,,ready_for_audos_microsite_bind,city_service,Yucaipa,Repiping,yucaipa-repiping,https://masterflowplumbing.us/yucaipa-repiping,/seo-preview/locations/yucaipa/repiping/,557,"Repiping in Yucaipa, CA | Masterflow"
,,ready_for_audos_microsite_bind,city_service,Yucaipa,Gas Line Services,yucaipa-gas-line-services,https://masterflowplumbing.us/yucaipa-gas-line-services,/seo-preview/locations/yucaipa/gas-line-services/,579,"Gas Line Plumbing in Yucaipa, CA | Masterflow"
,,ready_for_audos_microsite_bind,city_service,Yucaipa,Fixture Install & Repair,yucaipa-fixture-repair,https://masterflowplumbing.us/yucaipa-fixture-repair,/seo-preview/locations/yucaipa/fixture-install-repair/,579,"Fixture Plumbing in Yucaipa, CA | Masterflow"
,,ready_for_audos_microsite_bind,city_service,Murrieta,Hydro-Jetting,murrieta-hydro-jetting,https://masterflowplumbing.us/murrieta-hydro-jetting,/seo-preview/locations/murrieta/hydro-jetting/,574,"Hydro-Jetting in Murrieta, CA | Masterflow"
,,ready_for_audos_microsite_bind,city_service,Murrieta,Water Heater Repair & Install,murrieta-water-heater-repair,https://masterflowplumbing.us/murrieta-water-heater-repair,/seo-preview/locations/murrieta/water-heater-repair-install/,604,"Water Heater Service in Murrieta, CA | Masterflow"
,,ready_for_audos_microsite_bind,city_service,Murrieta,Sewer Line Repair,murrieta-sewer-line-repair,https://masterflowplumbing.us/murrieta-sewer-line-repair,/seo-preview/locations/murrieta/sewer-line-repair/,594,"Sewer Line Repair in Murrieta, CA | Masterflow"
,,ready_for_audos_microsite_bind,city_service,Murrieta,Slab Leak Repair,murrieta-slab-leak-repair,https://masterflowplumbing.us/murrieta-slab-leak-repair,/seo-preview/locations/murrieta/slab-leak-repair/,591,"Slab Leak Repair in Murrieta, CA | Masterflow"
,,ready_for_audos_microsite_bind,city_service,Murrieta,Repiping,murrieta-repiping,https://masterflowplumbing.us/murrieta-repiping,/seo-preview/locations/murrieta/repiping/,566,"Repiping in Murrieta, CA | Masterflow"
,,ready_for_audos_microsite_bind,city_service,Murrieta,Gas Line Services,murrieta-gas-line-services,https://masterflowplumbing.us/murrieta-gas-line-services,/seo-preview/locations/murrieta/gas-line-services/,588,"Gas Line Plumbing in Murrieta, CA | Masterflow"
,,ready_for_audos_microsite_bind,city_service,Murrieta,Fixture Install & Repair,murrieta-fixture-repair,https://masterflowplumbing.us/murrieta-fixture-repair,/seo-preview/locations/murrieta/fixture-install-repair/,588,"Fixture Plumbing in Murrieta, CA | Masterflow"
,,ready_for_audos_microsite_bind,city_service,Temecula,Hydro-Jetting,temecula-hydro-jetting,https://masterflowplumbing.us/temecula-hydro-jetting,/seo-preview/locations/temecula/hydro-jetting/,564,"Hydro-Jetting in Temecula, CA | Masterflow"
,,ready_for_audos_microsite_bind,city_service,Temecula,Water Heater Repair & Install,temecula-water-heater-repair,https://masterflowplumbing.us/temecula-water-heater-repair,/seo-preview/locations/temecula/water-heater-repair-install/,594,"Water Heater Service in Temecula, CA | Masterflow"
,,ready_for_audos_microsite_bind,city_service,Temecula,Sewer Line Repair,temecula-sewer-line-repair,https://masterflowplumbing.us/temecula-sewer-line-repair,/seo-preview/locations/temecula/sewer-line-repair/,584,"Sewer Line Repair in Temecula, CA | Masterflow"
,,ready_for_audos_microsite_bind,city_service,Temecula,Slab Leak Repair,temecula-slab-leak-repair,https://masterflowplumbing.us/temecula-slab-leak-repair,/seo-preview/locations/temecula/slab-leak-repair/,581,"Slab Leak Repair in Temecula, CA | Masterflow"
,,ready_for_audos_microsite_bind,city_service,Temecula,Repiping,temecula-repiping,https://masterflowplumbing.us/temecula-repiping,/seo-preview/locations/temecula/repiping/,556,"Repiping in Temecula, CA | Masterflow"
,,ready_for_audos_microsite_bind,city_service,Temecula,Gas Line Services,temecula-gas-line-services,https://masterflowplumbing.us/temecula-gas-line-services,/seo-preview/locations/temecula/gas-line-services/,578,"Gas Line Plumbing in Temecula, CA | Masterflow"
,,ready_for_audos_microsite_bind,city_service,Temecula,Fixture Install & Repair,temecula-fixture-repair,https://masterflowplumbing.us/temecula-fixture-repair,/seo-preview/locations/temecula/fixture-install-repair/,578,"Fixture Plumbing in Temecula, CA | Masterflow"
,,ready_for_audos_microsite_bind,city_service,Wildomar,Hydro-Jetting,wildomar-hydro-jetting,https://masterflowplumbing.us/wildomar-hydro-jetting,/seo-preview/locations/wildomar/hydro-jetting/,572,"Hydro-Jetting in Wildomar, CA | Masterflow"
,,ready_for_audos_microsite_bind,city_service,Wildomar,Water Heater Repair & Install,wildomar-water-heater-repair,https://masterflowplumbing.us/wildomar-water-heater-repair,/seo-preview/locations/wildomar/water-heater-repair-install/,602,"Water Heater Service in Wildomar, CA | Masterflow"
,,ready_for_audos_microsite_bind,city_service,Wildomar,Slab Leak Repair,wildomar-slab-leak-repair,https://masterflowplumbing.us/wildomar-slab-leak-repair,/seo-preview/locations/wildomar/slab-leak-repair/,589,"Slab Leak Repair in Wildomar, CA | Masterflow"
,,ready_for_audos_microsite_bind,city_service,Wildomar,Repiping,wildomar-repiping,https://masterflowplumbing.us/wildomar-repiping,/seo-preview/locations/wildomar/repiping/,564,"Repiping in Wildomar, CA | Masterflow"
,,ready_for_audos_microsite_bind,city_service,Wildomar,Gas Line Services,wildomar-gas-line-services,https://masterflowplumbing.us/wildomar-gas-line-services,/seo-preview/locations/wildomar/gas-line-services/,586,"Gas Line Plumbing in Wildomar, CA | Masterflow"
,,ready_for_audos_microsite_bind,city_service,Wildomar,Fixture Install & Repair,wildomar-fixture-repair,https://masterflowplumbing.us/wildomar-fixture-repair,/seo-preview/locations/wildomar/fixture-install-repair/,586,"Fixture Plumbing in Wildomar, CA | Masterflow"
,,ready_for_audos_microsite_bind,city_service,Menifee,Hydro-Jetting,menifee-hydro-jetting,https://masterflowplumbing.us/menifee-hydro-jetting,/seo-preview/locations/menifee/hydro-jetting/,568,"Hydro-Jetting in Menifee, CA | Masterflow"
,,ready_for_audos_microsite_bind,city_service,Menifee,Slab Leak Repair,menifee-slab-leak-repair,https://masterflowplumbing.us/menifee-slab-leak-repair,/seo-preview/locations/menifee/slab-leak-repair/,585,"Slab Leak Repair in Menifee, CA | Masterflow"
,,ready_for_audos_microsite_bind,city_service,Menifee,Repiping,menifee-repiping,https://masterflowplumbing.us/menifee-repiping,/seo-preview/locations/menifee/repiping/,560,"Repiping in Menifee, CA | Masterflow"
,,ready_for_audos_microsite_bind,city_service,Menifee,Gas Line Services,menifee-gas-line-services,https://masterflowplumbing.us/menifee-gas-line-services,/seo-preview/locations/menifee/gas-line-services/,582,"Gas Line Plumbing in Menifee, CA | Masterflow"
,,ready_for_audos_microsite_bind,city_service,Menifee,Fixture Install & Repair,menifee-fixture-repair,https://masterflowplumbing.us/menifee-fixture-repair,/seo-preview/locations/menifee/fixture-install-repair/,582,"Fixture Plumbing in Menifee, CA | Masterflow"
,,ready_for_audos_microsite_bind,city_service,Perris,Hydro-Jetting,perris-hydro-jetting,https://masterflowplumbing.us/perris-hydro-jetting,/seo-preview/locations/perris/hydro-jetting/,571,"Hydro-Jetting in Perris, CA | Masterflow"
,,ready_for_audos_microsite_bind,city_service,Perris,Slab Leak Repair,perris-slab-leak-repair,https://masterflowplumbing.us/perris-slab-leak-repair,/seo-preview/locations/perris/slab-leak-repair/,588,"Slab Leak Repair in Perris, CA | Masterflow"
,,ready_for_audos_microsite_bind,city_service,Perris,Repiping,perris-repiping,https://masterflowplumbing.us/perris-repiping,/seo-preview/locations/perris/repiping/,563,"Repiping in Perris, CA | Masterflow"
,,ready_for_audos_microsite_bind,city_service,Perris,Gas Line Services,perris-gas-line-services,https://masterflowplumbing.us/perris-gas-line-services,/seo-preview/locations/perris/gas-line-services/,585,"Gas Line Plumbing in Perris, CA | Masterflow"
,,ready_for_audos_microsite_bind,city_service,Perris,Fixture Install & Repair,perris-fixture-repair,https://masterflowplumbing.us/perris-fixture-repair,/seo-preview/locations/perris/fixture-install-repair/,585,"Fixture Plumbing in Perris, CA | Masterflow"
,,ready_for_audos_microsite_bind,city_service,Moreno Valley,Hydro-Jetting,moreno-valley-hydro-jetting,https://masterflowplumbing.us/moreno-valley-hydro-jetting,/seo-preview/locations/moreno-valley/hydro-jetting/,573,"Hydro-Jetting in Moreno Valley, CA | Masterflow"
,,ready_for_audos_microsite_bind,city_service,Moreno Valley,Water Heater Repair & Install,moreno-valley-water-heater-repair,https://masterflowplumbing.us/moreno-valley-water-heater-repair,/seo-preview/locations/moreno-valley/water-heater-repair-install/,603,"Water Heater Service in Moreno Valley, CA | Masterflow"
,,ready_for_audos_microsite_bind,city_service,Moreno Valley,Slab Leak Repair,moreno-valley-slab-leak-repair,https://masterflowplumbing.us/moreno-valley-slab-leak-repair,/seo-preview/locations/moreno-valley/slab-leak-repair/,590,"Slab Leak Repair in Moreno Valley, CA | Masterflow"
,,ready_for_audos_microsite_bind,city_service,Moreno Valley,Repiping,moreno-valley-repiping,https://masterflowplumbing.us/moreno-valley-repiping,/seo-preview/locations/moreno-valley/repiping/,565,"Repiping in Moreno Valley, CA | Masterflow"
,,ready_for_audos_microsite_bind,city_service,Moreno Valley,Gas Line Services,moreno-valley-gas-line-services,https://masterflowplumbing.us/moreno-valley-gas-line-services,/seo-preview/locations/moreno-valley/gas-line-services/,587,"Gas Line Plumbing in Moreno Valley, CA | Masterflow"
,,ready_for_audos_microsite_bind,city_service,Moreno Valley,Fixture Install & Repair,moreno-valley-fixture-repair,https://masterflowplumbing.us/moreno-valley-fixture-repair,/seo-preview/locations/moreno-valley/fixture-install-repair/,587,"Fixture Plumbing in Moreno Valley, CA | Masterflow"
,,ready_for_audos_microsite_bind,city_service,Hesperia,Emergency Plumbing,hesperia-emergency-plumber,https://masterflowplumbing.us/hesperia-emergency-plumber,/seo-preview/locations/hesperia/emergency-plumbing/,586,"Emergency Plumbing in Hesperia, CA | Masterflow"
,,ready_for_audos_microsite_bind,city_service,Hesperia,Drain Cleaning,hesperia-drain-cleaning,https://masterflowplumbing.us/hesperia-drain-cleaning,/seo-preview/locations/hesperia/drain-cleaning/,588,"Drain Cleaning in Hesperia, CA | Masterflow"
,,ready_for_audos_microsite_bind,city_service,Hesperia,Hydro-Jetting,hesperia-hydro-jetting,https://masterflowplumbing.us/hesperia-hydro-jetting,/seo-preview/locations/hesperia/hydro-jetting/,568,"Hydro-Jetting in Hesperia, CA | Masterflow"
,,ready_for_audos_microsite_bind,city_service,Hesperia,Water Heater Repair & Install,hesperia-water-heater-repair,https://masterflowplumbing.us/hesperia-water-heater-repair,/seo-preview/locations/hesperia/water-heater-repair-install/,598,"Water Heater Service in Hesperia, CA | Masterflow"
,,ready_for_audos_microsite_bind,city_service,Hesperia,Sewer Line Repair,hesperia-sewer-line-repair,https://masterflowplumbing.us/hesperia-sewer-line-repair,/seo-preview/locations/hesperia/sewer-line-repair/,588,"Sewer Line Repair in Hesperia, CA | Masterflow"
,,ready_for_audos_microsite_bind,city_service,Hesperia,Leak Detection,hesperia-leak-detection,https://masterflowplumbing.us/hesperia-leak-detection,/seo-preview/locations/hesperia/leak-detection/,572,"Leak Detection in Hesperia, CA | Masterflow"
,,ready_for_audos_microsite_bind,city_service,Hesperia,Slab Leak Repair,hesperia-slab-leak-repair,https://masterflowplumbing.us/hesperia-slab-leak-repair,/seo-preview/locations/hesperia/slab-leak-repair/,585,"Slab Leak Repair in Hesperia, CA | Masterflow"
,,ready_for_audos_microsite_bind,city_service,Hesperia,Repiping,hesperia-repiping,https://masterflowplumbing.us/hesperia-repiping,/seo-preview/locations/hesperia/repiping/,560,"Repiping in Hesperia, CA | Masterflow"
,,ready_for_audos_microsite_bind,city_service,Hesperia,Gas Line Services,hesperia-gas-line-services,https://masterflowplumbing.us/hesperia-gas-line-services,/seo-preview/locations/hesperia/gas-line-services/,582,"Gas Line Plumbing in Hesperia, CA | Masterflow"
,,ready_for_audos_microsite_bind,city_service,Hesperia,Fixture Install & Repair,hesperia-fixture-repair,https://masterflowplumbing.us/hesperia-fixture-repair,/seo-preview/locations/hesperia/fixture-install-repair/,582,"Fixture Plumbing in Hesperia, CA | Masterflow"
,,ready_for_audos_microsite_bind,city_service,Victorville,Emergency Plumbing,victorville-emergency-plumber,https://masterflowplumbing.us/victorville-emergency-plumber,/seo-preview/locations/victorville/emergency-plumbing/,594,"Emergency Plumbing in Victorville, CA | Masterflow"
,,ready_for_audos_microsite_bind,city_service,Victorville,Drain Cleaning,victorville-drain-cleaning,https://masterflowplumbing.us/victorville-drain-cleaning,/seo-preview/locations/victorville/drain-cleaning/,596,"Drain Cleaning in Victorville, CA | Masterflow"
,,ready_for_audos_microsite_bind,city_service,Victorville,Hydro-Jetting,victorville-hydro-jetting,https://masterflowplumbing.us/victorville-hydro-jetting,/seo-preview/locations/victorville/hydro-jetting/,576,"Hydro-Jetting in Victorville, CA | Masterflow"
,,ready_for_audos_microsite_bind,city_service,Victorville,Water Heater Repair & Install,victorville-water-heater-repair,https://masterflowplumbing.us/victorville-water-heater-repair,/seo-preview/locations/victorville/water-heater-repair-install/,606,"Water Heater Service in Victorville, CA | Masterflow"
,,ready_for_audos_microsite_bind,city_service,Victorville,Sewer Line Repair,victorville-sewer-line-repair,https://masterflowplumbing.us/victorville-sewer-line-repair,/seo-preview/locations/victorville/sewer-line-repair/,596,"Sewer Line Repair in Victorville, CA | Masterflow"
,,ready_for_audos_microsite_bind,city_service,Victorville,Leak Detection,victorville-leak-detection,https://masterflowplumbing.us/victorville-leak-detection,/seo-preview/locations/victorville/leak-detection/,580,"Leak Detection in Victorville, CA | Masterflow"
,,ready_for_audos_microsite_bind,city_service,Victorville,Slab Leak Repair,victorville-slab-leak-repair,https://masterflowplumbing.us/victorville-slab-leak-repair,/seo-preview/locations/victorville/slab-leak-repair/,593,"Slab Leak Repair in Victorville, CA | Masterflow"
,,ready_for_audos_microsite_bind,city_service,Victorville,Repiping,victorville-repiping,https://masterflowplumbing.us/victorville-repiping,/seo-preview/locations/victorville/repiping/,568,"Repiping in Victorville, CA | Masterflow"
,,ready_for_audos_microsite_bind,city_service,Victorville,Gas Line Services,victorville-gas-line-services,https://masterflowplumbing.us/victorville-gas-line-services,/seo-preview/locations/victorville/gas-line-services/,590,"Gas Line Plumbing in Victorville, CA | Masterflow"
,,ready_for_audos_microsite_bind,city_service,Victorville,Fixture Install & Repair,victorville-fixture-repair,https://masterflowplumbing.us/victorville-fixture-repair,/seo-preview/locations/victorville/fixture-install-repair/,590,"Fixture Plumbing in Victorville, CA | Masterflow"
,,ready_for_audos_microsite_bind,city_service,Eastvale,Emergency Plumbing,eastvale-emergency-plumber,https://masterflowplumbing.us/eastvale-emergency-plumber,/seo-preview/locations/eastvale/emergency-plumbing/,585,"Emergency Plumbing in Eastvale, CA | Masterflow"
,,ready_for_audos_microsite_bind,city_service,Eastvale,Drain Cleaning,eastvale-drain-cleaning,https://masterflowplumbing.us/eastvale-drain-cleaning,/seo-preview/locations/eastvale/drain-cleaning/,587,"Drain Cleaning in Eastvale, CA | Masterflow"
,,ready_for_audos_microsite_bind,city_service,Eastvale,Hydro-Jetting,eastvale-hydro-jetting,https://masterflowplumbing.us/eastvale-hydro-jetting,/seo-preview/locations/eastvale/hydro-jetting/,567,"Hydro-Jetting in Eastvale, CA | Masterflow"
,,ready_for_audos_microsite_bind,city_service,Eastvale,Water Heater Repair & Install,eastvale-water-heater-repair,https://masterflowplumbing.us/eastvale-water-heater-repair,/seo-preview/locations/eastvale/water-heater-repair-install/,597,"Water Heater Service in Eastvale, CA | Masterflow"
,,ready_for_audos_microsite_bind,city_service,Eastvale,Sewer Line Repair,eastvale-sewer-line-repair,https://masterflowplumbing.us/eastvale-sewer-line-repair,/seo-preview/locations/eastvale/sewer-line-repair/,587,"Sewer Line Repair in Eastvale, CA | Masterflow"
,,ready_for_audos_microsite_bind,city_service,Eastvale,Leak Detection,eastvale-leak-detection,https://masterflowplumbing.us/eastvale-leak-detection,/seo-preview/locations/eastvale/leak-detection/,571,"Leak Detection in Eastvale, CA | Masterflow"
,,ready_for_audos_microsite_bind,city_service,Eastvale,Slab Leak Repair,eastvale-slab-leak-repair,https://masterflowplumbing.us/eastvale-slab-leak-repair,/seo-preview/locations/eastvale/slab-leak-repair/,584,"Slab Leak Repair in Eastvale, CA | Masterflow"
,,ready_for_audos_microsite_bind,city_service,Eastvale,Repiping,eastvale-repiping,https://masterflowplumbing.us/eastvale-repiping,/seo-preview/locations/eastvale/repiping/,559,"Repiping in Eastvale, CA | Masterflow"
,,ready_for_audos_microsite_bind,city_service,Eastvale,Gas Line Services,eastvale-gas-line-services,https://masterflowplumbing.us/eastvale-gas-line-services,/seo-preview/locations/eastvale/gas-line-services/,581,"Gas Line Plumbing in Eastvale, CA | Masterflow"
,,ready_for_audos_microsite_bind,city_service,Eastvale,Fixture Install & Repair,eastvale-fixture-repair,https://masterflowplumbing.us/eastvale-fixture-repair,/seo-preview/locations/eastvale/fixture-install-repair/,581,"Fixture Plumbing in Eastvale, CA | Masterflow"
,,ready_for_audos_microsite_bind,city_service,Jurupa Valley,Hydro-Jetting,jurupa-valley-hydro-jetting,https://masterflowplumbing.us/jurupa-valley-hydro-jetting,/seo-preview/locations/jurupa-valley/hydro-jetting/,574,"Hydro-Jetting in Jurupa Valley, CA | Masterflow"
,,ready_for_audos_microsite_bind,city_service,Jurupa Valley,Water Heater Repair & Install,jurupa-valley-water-heater-repair,https://masterflowplumbing.us/jurupa-valley-water-heater-repair,/seo-preview/locations/jurupa-valley/water-heater-repair-install/,604,"Water Heater Service in Jurupa Valley, CA | Masterflow"
,,ready_for_audos_microsite_bind,city_service,Jurupa Valley,Sewer Line Repair,jurupa-valley-sewer-line-repair,https://masterflowplumbing.us/jurupa-valley-sewer-line-repair,/seo-preview/locations/jurupa-valley/sewer-line-repair/,594,"Sewer Line Repair in Jurupa Valley, CA | Masterflow"
,,ready_for_audos_microsite_bind,city_service,Jurupa Valley,Leak Detection,jurupa-valley-leak-detection,https://masterflowplumbing.us/jurupa-valley-leak-detection,/seo-preview/locations/jurupa-valley/leak-detection/,578,"Leak Detection in Jurupa Valley, CA | Masterflow"
,,ready_for_audos_microsite_bind,city_service,Jurupa Valley,Slab Leak Repair,jurupa-valley-slab-leak-repair,https://masterflowplumbing.us/jurupa-valley-slab-leak-repair,/seo-preview/locations/jurupa-valley/slab-leak-repair/,591,"Slab Leak Repair in Jurupa Valley, CA | Masterflow"
,,ready_for_audos_microsite_bind,city_service,Jurupa Valley,Repiping,jurupa-valley-repiping,https://masterflowplumbing.us/jurupa-valley-repiping,/seo-preview/locations/jurupa-valley/repiping/,566,"Repiping in Jurupa Valley, CA | Masterflow"
,,ready_for_audos_microsite_bind,city_service,Jurupa Valley,Gas Line Services,jurupa-valley-gas-line-services,https://masterflowplumbing.us/jurupa-valley-gas-line-services,/seo-preview/locations/jurupa-valley/gas-line-services/,588,"Gas Line Plumbing in Jurupa Valley, CA | Masterflow"
,,ready_for_audos_microsite_bind,city_service,Jurupa Valley,Fixture Install & Repair,jurupa-valley-fixture-repair,https://masterflowplumbing.us/jurupa-valley-fixture-repair,/seo-preview/locations/jurupa-valley/fixture-install-repair/,588,"Fixture Plumbing in Jurupa Valley, CA | Masterflow"
,,ready_for_audos_microsite_bind,city_service,Rialto,Emergency Plumbing,rialto-emergency-plumber,https://masterflowplumbing.us/rialto-emergency-plumber,/seo-preview/locations/rialto/emergency-plumbing/,577,"Emergency Plumbing in Rialto, CA | Masterflow"
,,ready_for_audos_microsite_bind,city_service,Rialto,Drain Cleaning,rialto-drain-cleaning,https://masterflowplumbing.us/rialto-drain-cleaning,/seo-preview/locations/rialto/drain-cleaning/,579,"Drain Cleaning in Rialto, CA | Masterflow"
,,ready_for_audos_microsite_bind,city_service,Rialto,Hydro-Jetting,rialto-hydro-jetting,https://masterflowplumbing.us/rialto-hydro-jetting,/seo-preview/locations/rialto/hydro-jetting/,559,"Hydro-Jetting in Rialto, CA | Masterflow"
,,ready_for_audos_microsite_bind,city_service,Rialto,Water Heater Repair & Install,rialto-water-heater-repair,https://masterflowplumbing.us/rialto-water-heater-repair,/seo-preview/locations/rialto/water-heater-repair-install/,589,"Water Heater Service in Rialto, CA | Masterflow"
,,ready_for_audos_microsite_bind,city_service,Rialto,Sewer Line Repair,rialto-sewer-line-repair,https://masterflowplumbing.us/rialto-sewer-line-repair,/seo-preview/locations/rialto/sewer-line-repair/,579,"Sewer Line Repair in Rialto, CA | Masterflow"
,,ready_for_audos_microsite_bind,city_service,Rialto,Leak Detection,rialto-leak-detection,https://masterflowplumbing.us/rialto-leak-detection,/seo-preview/locations/rialto/leak-detection/,563,"Leak Detection in Rialto, CA | Masterflow"
,,ready_for_audos_microsite_bind,city_service,Rialto,Slab Leak Repair,rialto-slab-leak-repair,https://masterflowplumbing.us/rialto-slab-leak-repair,/seo-preview/locations/rialto/slab-leak-repair/,576,"Slab Leak Repair in Rialto, CA | Masterflow"
,,ready_for_audos_microsite_bind,city_service,Rialto,Repiping,rialto-repiping,https://masterflowplumbing.us/rialto-repiping,/seo-preview/locations/rialto/repiping/,551,"Repiping in Rialto, CA | Masterflow"
,,ready_for_audos_microsite_bind,city_service,Rialto,Gas Line Services,rialto-gas-line-services,https://masterflowplumbing.us/rialto-gas-line-services,/seo-preview/locations/rialto/gas-line-services/,573,"Gas Line Plumbing in Rialto, CA | Masterflow"
,,ready_for_audos_microsite_bind,city_service,Rialto,Fixture Install & Repair,rialto-fixture-repair,https://masterflowplumbing.us/rialto-fixture-repair,/seo-preview/locations/rialto/fixture-install-repair/,573,"Fixture Plumbing in Rialto, CA | Masterflow"
,,ready_for_audos_microsite_bind,service_hub,Southern California,Emergency Plumbing,southern-california-emergency-plumber,https://masterflowplumbing.us/southern-california-emergency-plumber,/seo-preview/services/emergency-plumbing/,476,"Emergency Plumbing | Masterflow Plumbing"
,,ready_for_audos_microsite_bind,service_hub,Southern California,Drain Cleaning,southern-california-drain-cleaning,https://masterflowplumbing.us/southern-california-drain-cleaning,/seo-preview/services/drain-cleaning/,477,"Drain Cleaning | Masterflow Plumbing"
,,ready_for_audos_microsite_bind,service_hub,Southern California,Hydro-Jetting,southern-california-hydro-jetting,https://masterflowplumbing.us/southern-california-hydro-jetting,/seo-preview/services/hydro-jetting/,442,"Hydro-Jetting | Masterflow Plumbing"
,,ready_for_audos_microsite_bind,service_hub,Southern California,Water Heater Repair & Install,southern-california-water-heater-repair,https://masterflowplumbing.us/southern-california-water-heater-repair,/seo-preview/services/water-heater-repair-install/,503,"Water Heater Service | Masterflow Plumbing"
,,ready_for_audos_microsite_bind,service_hub,Southern California,Sewer Line Repair,southern-california-sewer-line-repair,https://masterflowplumbing.us/southern-california-sewer-line-repair,/seo-preview/services/sewer-line-repair/,496,"Sewer Line Repair | Masterflow Plumbing"
,,ready_for_audos_microsite_bind,service_hub,Southern California,Leak Detection,southern-california-leak-detection,https://masterflowplumbing.us/southern-california-leak-detection,/seo-preview/services/leak-detection/,463,"Leak Detection | Masterflow Plumbing"
,,ready_for_audos_microsite_bind,service_hub,Southern California,Slab Leak Repair,southern-california-slab-leak-repair,https://masterflowplumbing.us/southern-california-slab-leak-repair,/seo-preview/services/slab-leak-repair/,495,"Slab Leak Repair | Masterflow Plumbing"
,,ready_for_audos_microsite_bind,service_hub,Southern California,Repiping,southern-california-repiping,https://masterflowplumbing.us/southern-california-repiping,/seo-preview/services/repiping/,437,"Repiping | Masterflow Plumbing"
,,ready_for_audos_microsite_bind,service_hub,Southern California,Gas Line Services,southern-california-gas-line-services,https://masterflowplumbing.us/southern-california-gas-line-services,/seo-preview/services/gas-line-services/,488,"Gas Line Plumbing | Masterflow Plumbing"
,,ready_for_audos_microsite_bind,service_hub,Southern California,Fixture Install & Repair,southern-california-fixture-repair,https://masterflowplumbing.us/southern-california-fixture-repair,/seo-preview/services/fixture-install-repair/,468,"Fixture Plumbing | Masterflow Plumbing"
